{
    "iou": 0.5654141855261395,
    "precision": 0.8924038585717914,
    "recall": 0.8847178707508909,
    "accuracy": 0.9537346959114075,
    "f1_score": 0.8885441938512767
}