{
    "iou": 0.9661694765090942,
    "precision": 0.8207678198814392,
    "recall": 0.924287388201411,
    "accuracy": 0.8799278988718521,
    "f1_score": 0.901562319398299
}